Name,Profile,Start,End,Return%,CAGR%,Sharpe,Sortino,MaxDD%,Vol%,Alpha%,Beta,BenchRet%,Outperf%,FinalVal,AvgStocks,Duration
bkt_conservator_1,conservative,2025-06-23,2025-12-31,21.69,45.56,2.77,4.33,-3.96,12.25,19.4,0.67,14.28,7.41,12169.01,11.3,723.5420572757721
bkt_agresiv_1,aggressive,2023-04-02,2024-04-01,-7.0,-7.03,-0.36,-0.4,-25.75,23.82,-30.12,0.97,28.9,-35.9,9299.75,10.2,71.02355861663818
bkt_agresiv_2,aggressive,2025-04-30,2025-12-31,32.44,52.02,1.55,2.18,-9.98,26.77,0.83,1.41,24.04,8.4,13244.11,13.3,70.13570427894592
bkt_conservator_2,conservative,2023-03-15,2024-03-14,2.27,2.27,-0.08,-0.1,-7.89,12.08,-15.09,0.53,34.29,-32.03,10226.63,9.7,48.32989978790283
bkt_conservator_3,conservative,2024-06-11,2025-06-11,9.07,9.08,0.36,0.46,-14.16,17.0,-0.41,0.61,13.42,-4.35,10907.24,13.4,94.18294525146484
bkt_balansat_1,balanced,2024-05-02,2025-05-02,13.11,13.12,0.51,0.61,-17.68,20.69,5.41,0.48,13.65,-0.54,11311.21,8.6,89.87966418266296
bkt_agresiv_3,aggressive,2023-02-19,2024-02-19,19.48,19.79,0.99,1.55,-13.25,15.34,2.22,0.62,27.06,-7.58,11948.25,12.0,88.90940499305725
bkt_conservator_4,conservative,2023-10-30,2024-10-29,10.8,10.8,0.82,1.12,-4.95,8.08,-2.72,0.29,41.88,-31.08,11079.63,11.2,129.07513213157654
bkt_conservator_5,conservative,2022-02-21,2023-02-21,8.07,8.1,0.36,0.45,-10.72,13.17,6.27,0.23,-5.59,13.66,10806.83,6.8,44.13123917579651
bkt_conservator_6,conservative,2022-10-22,2023-10-22,-11.39,-11.51,-1.18,-1.44,-13.09,13.05,-19.56,0.44,12.92,-24.31,8861.17,7.8,32.449936866760254
bkt_agresiv_4,aggressive,2021-03-07,2022-03-07,24.84,24.93,0.97,1.44,-11.28,21.15,13.87,0.84,11.34,13.49,12483.72,8.8,161.04289650917053
bkt_agresiv_5,aggressive,2024-07-14,2025-07-14,-13.45,-13.49,-0.72,-0.76,-19.45,22.32,-21.64,0.55,12.66,-26.1,8655.22,10.4,112.7127583026886
bkt_conservator_7,conservative,2021-03-04,2022-03-04,-10.83,-10.84,-0.71,-0.93,-19.87,19.07,-25.54,1.0,16.25,-27.08,8917.11,9.4,72.52490448951721
bkt_balansat_2,balanced,2018-02-11,2019-02-11,-22.02,-22.09,-1.49,-1.81,-27.88,18.33,-28.08,0.57,3.93,-25.95,7797.75,8.0,82.88722252845764
bkt_conservator_8,conservative,2021-08-07,2022-08-07,9.14,9.25,0.33,0.44,-17.32,21.97,10.59,0.47,-5.15,14.29,10913.67,9.8,104.22692513465881
bkt_balansat_3,balanced,2023-12-17,2024-12-16,11.31,11.35,0.57,0.77,-9.4,13.4,-2.71,0.45,29.78,-18.47,11131.06,6.5,97.67823505401611
bkt_conservator_9,conservative,2019-07-24,2020-07-23,3.37,3.37,0.08,0.08,-24.55,22.76,-4.01,0.58,9.28,-5.91,10336.62,13.3,62.40719771385193
bkt_conservator_10,conservative,2019-11-03,2020-11-02,-29.24,-29.32,-1.58,-1.23,-34.18,22.77,-41.15,0.48,9.5,-38.74,7076.23,13.0,81.47305178642273
bkt_balansat_4,balanced,2021-06-17,2022-06-17,-9.6,-9.61,-0.6,-0.79,-21.02,20.16,-1.47,0.72,-11.78,2.17,9039.81,6.2,126.10469603538513
bkt_conservator_11,conservative,2024-09-11,2025-09-11,14.08,14.09,0.67,0.84,-14.16,15.6,1.35,0.56,20.09,-6.01,11408.35,13.4,160.05995392799377
bkt_agresiv_6,aggressive,2022-05-10,2023-05-10,-16.28,-16.29,-1.13,-1.34,-25.23,17.95,-21.67,0.42,5.2,-21.48,8372.13,12.6,44.937214612960815
bkt_conservator_12,conservative,2024-02-23,2025-02-22,7.62,7.64,0.37,0.5,-10.48,11.03,-3.94,0.53,19.65,-12.03,10761.66,14.5,90.65759372711182
bkt_conservator_13,conservative,2019-04-29,2020-04-28,-20.15,-20.16,-1.11,-0.97,-27.8,21.65,-24.16,0.52,-0.78,-19.37,7985.02,13.5,73.70997023582458
bkt_balansat_5,balanced,2020-08-09,2021-08-09,1.03,1.04,-0.02,-0.02,-19.02,22.73,-30.62,1.15,33.72,-32.68,10103.47,8.0,73.62398052215576
bkt_conservator_14,conservative,2023-09-07,2024-09-06,11.27,11.27,0.62,1.01,-11.58,11.95,-2.73,0.57,23.17,-11.9,11126.56,10.0,88.65852046012878
bkt_agresiv_7,aggressive,2021-03-08,2022-03-08,1.79,1.79,-0.01,-0.01,-18.35,20.32,-6.12,0.86,10.5,-8.71,10178.88,8.4,127.27613949775696
bkt_conservator_15,conservative,2018-04-11,2019-04-11,5.86,5.86,0.26,0.33,-6.95,7.77,-0.71,0.34,11.39,-5.53,10585.95,12.6,81.05762648582458
bkt_agresiv_8,aggressive,2018-03-21,2019-03-21,-14.81,-14.82,-0.97,-1.1,-19.6,18.9,-21.49,0.73,7.33,-22.14,8518.7,11.6,122.87440490722656
bkt_balansat_6,balanced,2018-05-17,2019-05-17,5.25,5.25,0.15,0.2,-13.19,14.45,-0.1,0.56,7.12,-1.87,10524.95,8.8,65.06637048721313
bkt_balansat_7,balanced,2020-09-19,2021-09-19,21.18,21.45,0.95,1.5,-10.92,17.95,-12.31,1.02,36.9,-15.72,12117.74,10.0,105.53225183486938
bkt_balansat_8,balanced,2024-06-06,2025-06-06,15.59,15.6,0.65,0.77,-17.0,19.31,5.14,0.68,13.49,2.1,11558.8,7.8,97.73011612892151
bkt_conservator_16,conservative,2025-03-15,2025-12-31,27.06,35.35,1.68,1.96,-10.3,16.35,15.38,0.54,21.65,5.42,12706.39,12.5,91.36710095405579
bkt_agresiv_9,aggressive,2018-02-17,2019-02-17,30.79,31.3,1.36,1.87,-12.28,18.34,23.86,0.69,4.14,26.65,13079.15,8.2,134.4443497657776
bkt_agresiv_10,aggressive,2020-12-05,2021-12-05,8.81,8.92,0.33,0.45,-12.22,18.77,-13.18,1.03,24.58,-15.77,10881.06,6.5,161.4647295475006
bkt_conservator_17,conservative,2022-04-22,2023-04-22,-8.39,-8.42,-0.77,-1.01,-14.1,15.15,-10.65,0.34,-1.61,-6.78,9161.06,9.0,38.678595304489136
bkt_balansat_9,balanced,2023-01-22,2024-01-22,-11.15,-11.19,-1.22,-1.41,-16.48,12.41,-21.89,0.39,22.51,-33.66,8884.93,5.4,55.043048620224
bkt_conservator_18,conservative,2024-11-19,2025-11-19,12.52,12.53,0.54,0.6,-17.76,17.6,1.17,0.77,13.62,-1.1,11251.82,12.0,114.54372453689575
bkt_balansat_10,balanced,2021-11-03,2022-11-03,14.22,14.23,0.5,0.66,-19.6,24.82,22.5,0.45,-18.96,33.17,11421.69,8.0,47.754372358322144
bkt_balansat_11,balanced,2018-11-07,2019-11-07,-2.96,-2.97,-0.47,-0.56,-14.17,13.07,-10.09,0.46,11.85,-14.81,9703.64,7.6,63.950639724731445
bkt_conservator_19,conservative,2019-07-26,2020-07-25,-4.51,-4.52,-0.28,-0.3,-24.25,21.98,-11.72,0.58,8.37,-12.87,9549.41,13.2,80.23346447944641
bkt_balansat_12,balanced,2023-04-09,2024-04-08,1.4,1.4,-0.18,-0.22,-13.29,11.03,-11.72,0.44,28.47,-27.07,10139.98,6.0,49.80184078216553
bkt_agresiv_11,aggressive,2021-04-03,2022-04-03,21.01,21.28,0.79,1.14,-17.67,22.1,7.66,1.06,12.92,8.09,12101.24,7.8,139.50650119781494
bkt_balansat_13,balanced,2022-06-28,2023-06-28,0.14,0.14,-0.49,-0.48,-6.05,7.38,-4.19,0.05,16.52,-16.37,10014.33,4.5,38.12550973892212
bkt_agresiv_12,aggressive,2021-04-14,2022-04-14,23.28,23.3,0.88,1.42,-15.68,21.67,14.63,0.97,7.8,15.48,12328.46,8.6,174.87682819366455
bkt_conservator_20,conservative,2018-05-22,2019-05-22,5.88,5.88,0.21,0.26,-12.19,11.53,0.49,0.51,6.81,-0.93,10587.53,13.8,88.352694272995
bkt_balansat_14,balanced,2019-09-16,2020-09-15,1.79,1.8,-0.02,-0.02,-19.08,19.04,-4.88,0.28,15.59,-13.8,10179.45,9.7,70.09193634986877
bkt_conservator_21,conservative,2021-09-06,2022-09-06,-26.63,-26.7,-1.55,-2.23,-30.26,21.19,-23.21,0.65,-12.21,-14.41,7337.47,9.3,84.35974669456482
bkt_balansat_15,balanced,2023-02-10,2024-02-10,1.56,1.56,-0.25,-0.3,-8.43,8.45,-6.45,0.23,24.7,-23.14,10155.66,3.0,40.139028787612915
bkt_conservator_22,conservative,2022-07-03,2023-07-03,0.31,0.31,-0.36,-0.44,-9.23,9.18,-5.47,0.15,18.08,-17.78,10030.63,3.2,39.39775514602661
bkt_balansat_16,balanced,2019-07-20,2020-07-19,10.12,10.25,0.38,0.38,-20.08,20.79,2.63,0.47,10.15,-0.03,11012.39,8.0,41.05163884162903
bkt_agresiv_13,aggressive,2023-02-21,2024-02-21,33.63,33.66,1.55,2.38,-13.25,17.17,13.4,0.65,26.48,7.15,13363.44,10.6,87.5915858745575
bkt_balansat_17,balanced,2023-10-22,2024-10-21,3.88,3.89,0.05,0.06,-15.76,12.94,-17.21,0.57,40.68,-36.81,10387.5,7.0,65.13743019104004
bkt_conservator_23,conservative,2018-10-04,2019-10-04,-3.24,-3.24,-0.43,-0.49,-17.72,14.59,-6.93,0.64,3.72,-6.95,9676.24,13.6,76.37115216255188
bkt_agresiv_14,aggressive,2024-05-19,2025-05-19,4.0,4.02,0.09,0.13,-17.3,18.49,-4.83,0.59,13.65,-9.65,10400.42,12.0,139.6819953918457
bkt_balansat_18,balanced,2020-06-21,2021-06-21,23.7,23.79,1.01,1.5,-11.98,18.87,-5.14,0.83,37.51,-13.81,12369.59,8.2,63.79341506958008
bkt_agresiv_15,aggressive,2020-07-23,2021-07-23,20.48,20.49,0.71,0.9,-19.85,24.79,-10.61,0.96,38.25,-17.77,12047.94,7.0,117.63085508346558
bkt_agresiv_16,aggressive,2018-07-20,2019-07-20,4.46,4.48,0.11,0.12,-16.31,16.95,-2.48,0.82,8.36,-3.89,10446.15,9.5,58.38124680519104
bkt_agresiv_17,aggressive,2020-07-27,2021-07-27,28.05,28.08,1.34,1.84,-9.44,16.46,-8.25,1.04,37.85,-9.79,12805.43,5.0,112.866544008255
bkt_balansat_19,balanced,2021-03-29,2022-03-29,12.12,12.13,0.64,0.93,-6.43,12.76,1.2,0.51,18.15,-6.03,11212.41,5.8,57.79293608665466
bkt_agresiv_18,aggressive,2023-06-28,2024-06-27,17.07,17.09,0.66,1.04,-13.51,21.33,-7.0,1.02,26.95,-9.88,11707.27,9.2,92.31828498840332
bkt_balansat_20,balanced,2019-11-10,2020-11-09,-18.06,-18.12,-0.95,-1.03,-26.87,22.61,-28.76,0.42,17.21,-35.27,8193.74,6.8,53.30893301963806
bkt_balansat_21,balanced,2021-02-16,2022-02-16,-14.25,-14.26,-0.98,-1.26,-17.16,18.05,-28.29,0.96,15.36,-29.61,8574.71,8.8,64.89377689361572
bkt_agresiv_19,aggressive,2018-05-10,2019-05-10,35.57,35.6,1.48,1.87,-26.03,19.19,25.8,0.54,7.97,27.61,13557.16,10.6,93.31585121154785
bkt_agresiv_20,aggressive,2021-07-04,2022-07-04,2.06,2.09,0.05,0.07,-15.89,25.43,12.05,0.8,-10.69,12.74,10205.73,8.5,79.56108379364014
bkt_balansat_22,balanced,2023-01-23,2024-01-23,-11.09,-11.1,-1.21,-1.39,-16.48,12.38,-21.86,0.39,22.86,-33.95,8891.05,4.8,43.49281120300293
bkt_conservator_24,conservative,2024-05-23,2025-05-23,13.42,13.43,0.59,0.73,-16.33,17.36,3.59,0.73,11.51,1.91,11341.59,13.8,130.96457386016846
bkt_agresiv_21,aggressive,2022-11-20,2023-11-20,5.17,5.19,0.15,0.24,-18.3,17.07,-4.54,0.55,16.93,-11.76,10517.32,10.8,76.80896615982056
bkt_conservator_25,conservative,2020-05-13,2021-05-13,5.27,5.27,0.15,0.17,-11.99,15.2,-18.69,0.57,48.03,-42.76,10527.12,10.6,78.48637437820435
bkt_agresiv_22,aggressive,2018-05-25,2019-05-25,19.47,19.55,0.79,1.04,-23.8,20.19,14.42,0.53,5.92,13.55,11947.49,10.5,71.64479899406433
bkt_agresiv_23,aggressive,2023-11-08,2024-11-07,34.35,34.37,1.44,2.35,-10.36,19.0,9.62,0.61,38.06,-3.71,13434.67,10.8,151.65283918380737
bkt_conservator_26,conservative,2022-02-15,2023-02-15,-7.72,-7.72,-0.78,-1.08,-15.57,14.25,-8.94,0.3,-5.69,-2.02,9228.04,7.4,96.49674010276794
bkt_conservator_27,conservative,2020-10-15,2021-10-15,22.07,22.09,1.25,1.76,-5.97,13.46,-2.12,0.82,30.12,-8.05,12206.89,9.2,128.91307950019836
bkt_conservator_28,conservative,2024-12-27,2025-12-27,26.81,26.92,1.42,1.73,-11.47,14.91,13.34,0.55,17.38,9.44,12681.47,12.8,108.07139086723328
bkt_agresiv_24,aggressive,2024-04-20,2025-04-20,3.95,4.01,0.1,0.11,-18.87,19.99,-0.72,0.59,6.68,-2.73,10395.39,12.8,132.87861490249634
bkt_conservator_29,conservative,2020-08-18,2021-08-18,0.63,0.63,-0.13,-0.16,-10.1,15.97,-21.61,0.79,31.62,-30.99,10062.86,11.2,104.77427744865417
bkt_conservator_30,conservative,2019-01-25,2020-01-25,6.95,6.97,0.32,0.38,-5.08,10.03,-8.48,0.59,26.04,-19.1,10694.72,11.5,62.35910654067993
bkt_balansat_23,balanced,2022-10-14,2023-10-14,-26.05,-26.12,-2.39,-2.42,-27.19,13.96,-38.59,0.29,22.55,-48.6,7395.37,6.0,117.84165048599243
bkt_agresiv_25,aggressive,2023-09-13,2024-09-12,11.64,11.65,0.44,0.54,-17.79,21.63,-10.58,0.96,26.96,-15.32,11164.28,10.5,147.63005948066711
bkt_conservator_31,conservative,2020-05-02,2021-05-02,11.11,11.25,0.56,0.67,-7.64,13.51,-9.8,0.45,49.52,-38.41,11110.81,12.7,89.14920210838318
bkt_agresiv_26,aggressive,2023-11-28,2024-11-27,8.42,8.42,0.32,0.46,-20.58,17.91,-10.73,0.64,33.41,-24.99,10841.65,10.2,146.93872904777527
bkt_conservator_32,conservative,2020-03-05,2021-03-05,18.25,18.26,0.59,0.7,-22.01,28.56,-2.96,0.74,29.21,-10.96,11824.63,9.2,122.2348997592926
bkt_conservator_33,conservative,2018-03-08,2019-03-08,9.41,9.42,0.47,0.7,-8.39,12.43,6.14,0.49,2.03,7.38,10941.29,13.0,93.48283267021179
bkt_agresiv_27,aggressive,2019-05-06,2020-05-05,-6.23,-6.23,-0.48,-0.54,-21.89,18.28,-8.94,0.27,-0.27,-5.96,9377.07,11.5,153.22025966644287
bkt_agresiv_28,aggressive,2019-09-21,2020-09-20,-6.11,-6.18,-0.5,-0.44,-21.71,17.52,-12.1,0.24,13.02,-19.13,9388.76,5.3,138.17720341682434
bkt_agresiv_29,aggressive,2018-09-23,2019-09-23,-6.29,-6.31,-0.43,-0.49,-23.66,19.82,-9.7,0.61,4.51,-10.8,9370.96,13.2,142.35381269454956
bkt_conservator_34,conservative,2023-09-05,2024-09-04,5.02,5.02,0.14,0.24,-12.26,14.53,-12.45,0.77,24.36,-19.34,10501.63,10.8,141.59349298477173
bkt_balansat_24,balanced,2022-12-18,2023-12-18,-5.06,-5.08,-0.84,-1.0,-10.67,10.36,-15.11,0.32,26.08,-31.14,9494.18,4.6,70.46732354164124
bkt_agresiv_30,aggressive,2022-10-18,2023-10-18,-13.13,-13.14,-0.81,-0.85,-17.76,20.01,-21.19,0.37,17.74,-30.87,8687.15,9.8,55.178388833999634
bkt_agresiv_31,aggressive,2019-02-06,2020-02-06,30.12,30.15,1.49,2.3,-10.6,15.78,9.69,0.74,24.77,5.35,13012.27,11.4,101.00698280334473
bkt_balansat_25,balanced,2024-02-11,2025-02-10,12.3,12.35,0.56,0.76,-13.72,16.26,-3.66,0.74,22.28,-9.98,11230.26,6.5,63.22780394554138
bkt_agresiv_32,aggressive,2020-12-12,2021-12-12,23.44,23.75,0.93,1.22,-14.06,20.96,-8.09,1.15,30.91,-7.47,12343.9,7.8,129.16075897216797
bkt_conservator_35,conservative,2020-06-20,2021-06-20,5.64,5.71,0.18,0.22,-16.07,17.28,-20.23,0.83,35.57,-29.93,10563.99,8.8,113.11035966873169
bkt_agresiv_33,aggressive,2024-04-06,2025-04-06,-10.41,-10.53,-0.64,-0.8,-24.63,20.45,-9.28,0.91,-1.35,-9.06,8959.02,8.5,156.88095927238464
bkt_conservator_36,conservative,2019-06-24,2020-06-23,-7.91,-7.91,-0.6,-0.61,-20.46,17.77,-14.15,0.37,8.39,-16.3,9209.25,15.3,51.275527477264404
bkt_agresiv_34,aggressive,2022-05-07,2023-05-07,-19.69,-19.9,-1.23,-1.3,-30.78,19.63,-25.54,0.35,5.39,-25.08,8030.96,10.4,62.56011986732483
bkt_agresiv_35,aggressive,2020-06-25,2021-06-25,74.91,74.98,2.13,3.44,-14.63,25.9,28.26,0.86,40.87,34.04,17491.45,5.2,101.93208408355713
bkt_balansat_26,balanced,2018-03-23,2019-03-23,-3.86,-3.87,-0.55,-0.6,-14.0,12.99,-11.4,0.6,10.31,-14.18,9613.96,7.3,40.88809847831726
bkt_agresiv_36,aggressive,2019-02-01,2020-02-01,24.38,24.47,1.24,1.88,-7.33,15.37,6.83,0.76,21.39,2.99,12437.52,14.0,131.15129685401917
bkt_agresiv_37,aggressive,2022-07-06,2023-07-06,6.59,6.6,0.25,0.28,-8.85,13.49,-0.22,0.27,16.59,-10.0,10659.36,8.2,143.43079042434692
bkt_agresiv_38,aggressive,2022-07-18,2023-07-18,6.78,6.79,0.26,0.27,-10.8,13.72,-0.29,0.23,20.86,-14.07,10678.11,10.0,129.28938508033752
bkt_balansat_27,balanced,2022-02-25,2023-02-25,2.23,2.24,-0.03,-0.03,-21.47,16.53,2.01,0.25,-7.98,10.21,10223.26,6.3,47.597416400909424
bkt_agresiv_39,aggressive,2021-10-05,2022-10-05,6.38,6.39,0.21,0.25,-19.8,21.4,12.18,0.55,-11.61,18.0,10638.47,9.0,146.47224020957947
bkt_balansat_28,balanced,2024-04-14,2025-04-14,6.19,6.21,0.21,0.24,-18.02,24.54,1.69,0.58,8.23,-2.04,10619.21,8.5,126.10011053085327
bkt_conservator_37,conservative,2025-03-12,2025-12-31,32.14,41.38,1.98,2.38,-9.17,16.15,18.96,0.54,23.45,8.69,13214.46,11.0,129.16003465652466
bkt_conservator_38,conservative,2021-11-03,2022-11-03,21.18,21.2,0.73,1.1,-19.98,25.41,29.82,0.51,-18.96,40.14,12118.17,8.4,55.89520859718323
bkt_balansat_29,balanced,2021-08-27,2022-08-27,14.42,14.47,0.51,0.67,-23.83,24.86,18.23,0.51,-8.7,23.12,11441.81,8.5,53.4873902797699
bkt_conservator_39,conservative,2018-07-12,2019-07-12,5.0,5.0,0.13,0.17,-11.91,12.34,-1.52,0.49,9.75,-4.75,10499.71,14.0,97.89541888237
bkt_agresiv_40,aggressive,2023-06-16,2024-06-15,-2.11,-2.12,-0.3,-0.47,-12.76,16.06,-20.62,0.83,24.84,-26.95,9788.5,9.8,99.93107509613037
bkt_conservator_40,conservative,2024-06-22,2025-06-22,23.66,23.97,1.11,1.43,-11.54,17.26,14.07,0.59,10.86,12.8,12366.21,12.8,70.44169402122498
bkt_agresiv_41,aggressive,2021-03-06,2022-03-06,20.07,20.33,0.83,1.21,-10.73,19.58,7.44,0.82,14.73,5.34,12006.96,9.8,170.90884017944336
bkt_balansat_30,balanced,2022-04-08,2023-04-08,-19.51,-19.62,-1.53,-1.64,-21.44,16.1,-20.94,0.43,-7.03,-12.49,8048.77,3.0,31.217820167541504
bkt_agresiv_42,aggressive,2024-01-25,2025-01-24,18.52,18.53,0.6,0.76,-19.36,28.28,4.52,0.62,26.17,-7.66,11851.62,10.2,96.1405599117279
bkt_conservator_41,conservative,2021-02-26,2022-02-26,5.35,5.37,0.16,0.25,-13.12,14.06,-7.79,0.81,16.62,-11.27,10535.18,12.0,59.78037643432617
bkt_agresiv_43,aggressive,2023-03-20,2024-03-19,-8.06,-8.06,-0.63,-0.84,-18.91,17.3,-29.0,0.72,32.87,-40.93,9194.04,6.5,71.0134060382843
bkt_balansat_31,balanced,2025-06-06,2025-12-31,20.06,37.85,1.54,2.13,-7.43,19.6,8.19,1.05,14.81,5.25,12005.96,9.0,42.733513593673706
bkt_agresiv_44,aggressive,2022-07-23,2023-07-23,6.42,6.5,0.22,0.27,-16.47,17.3,-2.71,0.5,16.18,-9.76,10642.25,10.8,27.576529502868652
bkt_conservator_42,conservative,2022-01-29,2023-01-29,-3.69,-3.74,-0.42,-0.57,-14.89,15.77,-2.53,0.41,-8.37,4.67,9630.51,8.5,40.13045954704285
bkt_agresiv_45,aggressive,2023-07-04,2024-07-03,-3.17,-3.18,-0.14,-0.19,-20.4,26.39,-23.61,0.99,26.19,-29.35,9683.44,10.5,98.83991289138794
bkt_conservator_43,conservative,2018-02-22,2019-02-22,9.16,9.17,0.43,0.53,-12.19,13.34,4.18,0.63,5.19,3.97,10916.41,15.0,66.06021618843079
bkt_conservator_44,conservative,2023-04-17,2024-04-16,-13.02,-13.03,-0.9,-1.17,-24.4,18.22,-27.54,0.63,23.4,-36.43,8697.56,8.2,45.561052560806274
bkt_balansat_32,balanced,2019-10-02,2020-10-01,-16.58,-16.6,-1.18,-1.05,-22.93,17.49,-25.92,0.28,19.27,-35.85,8341.5,7.7,38.695977449417114
bkt_conservator_45,conservative,2024-01-12,2025-01-11,13.13,13.18,0.52,0.73,-14.15,20.29,-4.88,0.85,23.34,-10.21,11313.22,12.2,64.33819246292114
bkt_balansat_33,balanced,2025-06-02,2025-12-31,11.29,20.24,1.05,1.32,-8.74,14.68,-2.66,0.82,16.05,-4.76,11129.34,8.3,51.88208889961243
bkt_agresiv_46,aggressive,2023-09-15,2024-09-14,9.97,10.0,0.41,0.57,-8.41,17.34,-10.06,0.79,28.08,-18.11,10996.71,11.5,90.78726506233215
bkt_balansat_34,balanced,2020-08-24,2021-08-24,-10.03,-10.04,-0.59,-0.77,-21.54,20.99,-35.38,0.91,32.58,-42.61,8996.98,7.4,71.74546217918396
bkt_conservator_46,conservative,2020-12-24,2021-12-24,13.51,13.56,0.73,1.03,-6.31,13.14,-8.15,0.78,29.23,-15.72,11351.19,13.5,78.25668382644653
bkt_balansat_35,balanced,2025-05-11,2025-12-31,33.13,56.61,2.77,4.18,-5.13,15.18,26.29,0.7,17.99,15.14,13313.25,6.3,56.95724630355835
bkt_balansat_36,balanced,2019-08-24,2020-08-23,9.21,9.32,0.32,0.35,-26.21,26.24,-3.6,0.6,20.23,-11.02,10921.11,7.8,60.82965803146362
bkt_balansat_37,balanced,2019-07-31,2020-07-30,-1.97,-1.97,-0.18,-0.16,-25.27,20.85,-7.77,0.33,11.09,-13.06,9803.26,8.3,68.38936972618103
bkt_agresiv_47,aggressive,2019-05-07,2020-05-06,7.75,7.75,0.28,0.31,-21.38,18.09,4.65,0.27,0.74,7.01,10774.58,11.0,81.14553737640381
bkt_agresiv_48,aggressive,2018-09-01,2019-09-01,1.2,1.22,-0.05,-0.08,-16.44,18.92,-1.16,0.47,2.91,-1.7,10120.2,12.2,57.73174571990967
bkt_conservator_47,conservative,2019-12-24,2020-12-23,-9.5,-9.51,-0.68,-0.69,-19.91,18.16,-18.5,0.36,16.56,-26.06,9049.98,12.3,51.08513689041138
bkt_balansat_38,balanced,2023-09-24,2024-09-23,19.15,19.22,1.03,1.64,-6.92,14.25,0.19,0.56,33.58,-14.43,11914.85,4.5,60.17013645172119
bkt_conservator_48,conservative,2020-10-18,2021-10-18,31.14,31.27,1.79,2.61,-7.07,13.45,2.5,0.86,32.6,-1.45,13114.41,9.8,88.25707411766052
bkt_agresiv_49,aggressive,2025-03-28,2025-12-31,31.99,44.01,1.36,1.72,-8.91,26.6,19.2,0.65,23.79,8.2,13199.48,14.0,76.99620079994202
bkt_balansat_39,balanced,2020-05-28,2021-05-28,47.59,47.63,1.57,2.0,-12.24,23.98,8.11,0.94,40.86,6.72,14758.87,6.8,83.17209267616272
bkt_conservator_49,conservative,2024-09-17,2025-09-17,18.03,18.04,0.91,1.06,-12.37,15.16,6.15,0.51,18.53,-0.5,11802.84,14.0,92.8544750213623
bkt_conservator_50,conservative,2021-09-17,2022-09-17,3.96,3.98,0.09,0.13,-18.24,19.07,9.33,0.56,-11.33,15.29,10396.19,7.2,59.696141958236694
bkt_agresiv_50,aggressive,2019-02-09,2020-02-09,-1.42,-1.44,-0.28,-0.33,-18.31,15.14,-17.56,0.69,25.08,-26.5,9857.66,10.0,65.10523319244385
bkt_balansat_40,balanced,2018-10-16,2019-10-16,0.02,0.02,-0.23,-0.31,-12.66,13.41,-6.3,0.58,8.53,-8.51,10002.23,6.4,52.738322019577026
bkt_conservator_51,conservative,2019-07-04,2020-07-03,-1.44,-1.45,-0.16,-0.15,-24.36,20.81,-7.1,0.48,6.7,-8.15,9855.55,14.3,51.94804668426514
bkt_agresiv_51,aggressive,2022-05-03,2023-05-03,-2.38,-2.38,-0.2,-0.26,-25.32,21.02,-3.41,0.43,-0.35,-2.03,9762.28,9.6,50.88231921195984
bkt_conservator_52,conservative,2024-09-29,2025-09-29,-3.7,-3.71,-0.4,-0.44,-15.0,16.33,-14.65,0.59,17.08,-20.77,9630.4,12.2,84.18713140487671
bkt_conservator_53,conservative,2021-05-08,2022-05-08,3.94,3.98,0.07,0.1,-13.71,15.18,2.57,0.54,-0.28,4.22,10393.73,11.5,76.40583038330078
bkt_balansat_41,balanced,2019-10-14,2020-10-13,-2.91,-2.91,-0.26,-0.28,-18.14,19.35,-11.32,0.31,20.6,-23.5,9709.19,7.7,46.4889931678772
bkt_agresiv_52,aggressive,2020-05-28,2021-05-28,46.69,46.73,1.81,2.41,-16.23,20.05,9.78,0.84,40.86,5.83,14669.05,7.4,119.56740951538086
bkt_conservator_54,conservative,2019-12-10,2020-12-09,-11.12,-11.13,-0.78,-0.72,-20.7,18.12,-19.16,0.26,19.27,-30.39,8887.52,14.0,49.44456601142883
bkt_conservator_55,conservative,2024-02-16,2025-02-15,3.62,3.63,0.01,0.02,-9.95,10.54,-8.96,0.5,23.63,-20.01,10361.77,11.5,73.01439046859741
bkt_agresiv_53,aggressive,2020-02-03,2021-02-02,4.57,4.58,0.15,0.15,-30.89,27.11,-4.78,0.45,19.92,-15.34,10457.29,8.2,86.5708236694336
bkt_balansat_42,balanced,2023-04-15,2024-04-14,-16.35,-16.52,-1.6,-1.54,-19.81,13.25,-32.15,0.57,25.2,-41.54,8365.38,5.0,37.95720815658569
bkt_conservator_56,conservative,2018-10-12,2019-10-12,7.64,7.66,0.33,0.43,-10.27,13.1,1.09,0.49,9.5,-1.86,10763.72,12.5,48.748836278915405
bkt_agresiv_54,aggressive,2022-02-03,2023-02-03,2.58,2.59,0.06,0.08,-21.99,24.5,5.28,0.49,-6.17,8.75,10258.37,9.2,51.03471612930298
bkt_conservator_57,conservative,2018-01-31,2019-01-31,-1.0,-1.0,-0.27,-0.32,-13.84,14.72,-0.39,0.72,-2.43,1.43,9900.33,14.6,82.77969026565552
bkt_conservator_58,conservative,2023-11-09,2024-11-08,16.2,16.21,1.01,1.53,-7.98,11.67,-3.39,0.5,39.75,-23.55,11619.72,10.5,64.86600637435913
bkt_balansat_43,balanced,2019-11-12,2020-11-11,-5.65,-5.65,-0.29,-0.29,-22.67,23.91,-15.55,0.48,17.66,-23.31,9435.31,7.8,49.73184871673584
bkt_agresiv_55,aggressive,2021-12-29,2022-12-29,-6.04,-6.05,-0.37,-0.4,-21.03,21.52,0.01,0.37,-18.39,12.35,9395.59,11.8,47.46362376213074
bkt_balansat_44,balanced,2024-06-16,2025-06-16,0.02,0.02,-0.14,-0.15,-18.06,17.57,-6.33,0.43,11.56,-11.54,10002.44,8.2,75.38919949531555
bkt_conservator_59,conservative,2019-11-05,2020-11-04,-23.71,-23.73,-1.05,-0.93,-32.63,26.21,-36.07,0.58,14.06,-37.77,7628.91,12.5,59.42237949371338
bkt_agresiv_56,aggressive,2023-04-12,2024-04-11,-2.18,-2.18,-0.25,-0.29,-19.53,18.1,-20.42,0.72,28.78,-30.96,9782.22,10.0,68.50229477882385
bkt_balansat_45,balanced,2021-11-15,2022-11-15,0.25,0.25,-0.08,-0.1,-18.17,20.23,4.69,0.41,-13.46,13.71,10025.45,7.0,47.42220854759216
bkt_agresiv_57,aggressive,2020-09-22,2021-09-22,58.86,58.91,1.48,1.92,-25.11,32.11,21.68,0.97,34.43,24.42,15885.64,7.2,146.79585647583008
bkt_conservator_60,conservative,2023-01-26,2024-01-26,-17.76,-17.77,-2.09,-2.17,-20.56,11.0,-31.9,0.52,22.25,-40.01,8224.19,9.2,60.46452569961548
bkt_balansat_46,balanced,2018-02-27,2019-02-27,-3.14,-3.14,-0.41,-0.52,-16.5,14.79,-6.7,0.63,3.67,-6.81,9686.01,8.2,57.711801290512085
bkt_balansat_47,balanced,2022-09-07,2023-09-07,3.2,3.2,0.02,0.02,-14.08,14.8,-5.11,0.51,13.66,-10.46,10319.87,6.0,37.85366082191467
bkt_agresiv_58,aggressive,2020-02-12,2021-02-11,-7.61,-7.61,-0.17,-0.17,-30.75,34.27,-12.22,0.35,17.96,-25.56,9239.13,9.0,79.73358178138733
bkt_agresiv_59,aggressive,2020-09-21,2021-09-21,-9.46,-9.47,-0.38,-0.39,-27.5,27.01,-38.13,1.05,34.49,-43.95,9053.8,8.3,179.3542947769165
bkt_agresiv_60,aggressive,2023-09-28,2024-09-27,23.2,23.21,0.95,1.45,-9.56,19.87,-7.16,0.96,35.16,-11.97,12319.51,6.5,89.7968327999115
bkt_conservator_61,conservative,2021-05-30,2022-05-30,8.58,8.71,0.35,0.47,-9.35,16.08,6.67,0.53,0.25,8.33,10857.72,9.0,62.529345989227295
bkt_conservator_62,conservative,2022-08-28,2023-08-28,-10.56,-10.6,-1.4,-1.46,-14.66,10.5,-18.12,0.39,11.76,-22.33,8943.68,7.5,52.020482778549194
bkt_balansat_48,balanced,2019-09-29,2020-09-28,-13.83,-13.88,-2.07,-1.76,-14.03,8.98,-20.18,0.11,14.79,-28.62,8616.77,1.7,38.70712208747864
bkt_conservator_63,conservative,2021-05-18,2022-05-18,0.61,0.61,-0.1,-0.13,-13.21,17.88,2.71,0.74,-3.62,4.23,10061.2,10.4,71.73715949058533
bkt_balansat_49,balanced,2020-05-16,2021-05-16,12.55,12.71,0.53,0.71,-12.43,17.88,-14.34,0.7,43.48,-30.93,11255.17,7.8,56.56032156944275
bkt_balansat_50,balanced,2020-07-08,2021-07-08,24.46,24.48,0.92,1.33,-13.14,22.11,-6.56,0.91,38.32,-13.86,12446.07,9.0,68.90767788887024
bkt_conservator_64,conservative,2020-06-25,2021-06-25,16.32,16.33,0.82,1.1,-6.96,14.99,-9.82,0.7,40.87,-24.55,11631.94,13.6,89.52255630493164
bkt_balansat_51,balanced,2021-06-16,2022-06-16,-16.43,-16.44,-1.3,-1.82,-21.64,15.9,-12.66,0.54,-12.0,-4.43,8356.93,7.2,61.22033476829529
bkt_agresiv_61,aggressive,2024-09-03,2025-09-03,14.65,14.66,0.58,0.81,-11.95,20.46,3.15,0.6,18.05,-3.4,11465.0,9.6,114.97156834602356
bkt_balansat_52,balanced,2025-05-02,2025-12-31,18.55,29.15,1.54,1.68,-10.53,14.79,6.28,0.64,21.37,-2.82,11855.01,5.7,75.8893473148346
bkt_balansat_53,balanced,2023-02-09,2024-02-09,-5.77,-5.78,-0.91,-1.12,-9.82,10.4,-15.92,0.34,24.99,-30.76,9422.68,4.6,62.53324604034424
bkt_agresiv_62,aggressive,2022-10-21,2023-10-21,-6.63,-6.65,-0.46,-0.49,-15.57,19.64,-14.59,0.53,14.3,-20.93,9337.19,9.2,58.75282168388367
bkt_balansat_54,balanced,2020-01-28,2021-01-27,11.32,11.33,0.44,0.49,-21.5,19.55,2.64,0.35,16.68,-5.36,11132.07,9.5,49.07409620285034
bkt_conservator_65,conservative,2021-04-11,2022-04-11,22.77,22.86,1.03,1.61,-7.04,17.35,14.88,0.61,8.28,14.5,12277.44,8.6,76.81426572799683
bkt_balansat_55,balanced,2019-07-10,2020-07-09,-11.33,-11.33,-1.41,-1.45,-13.63,10.96,-16.93,0.18,7.38,-18.71,8867.44,5.7,43.60521912574768
bkt_conservator_66,conservative,2024-08-28,2025-08-28,2.35,2.36,-0.02,-0.02,-13.09,16.69,-8.53,0.58,17.68,-15.32,10235.41,12.6,94.96298503875732
bkt_balansat_56,balanced,2022-12-29,2023-12-29,-12.17,-12.18,-1.96,-1.69,-18.97,8.51,-21.28,0.23,25.84,-38.01,8783.16,4.5,51.25204801559448
bkt_agresiv_63,aggressive,2020-07-24,2021-07-24,16.89,16.95,0.61,0.76,-20.41,23.75,-14.37,0.95,39.15,-22.26,11688.62,4.8,106.80151462554932
bkt_conservator_67,conservative,2023-09-23,2024-09-22,23.4,23.7,1.23,1.93,-7.14,15.0,1.67,0.65,33.25,-9.85,12339.82,10.2,77.81332874298096
bkt_balansat_57,balanced,2024-02-20,2025-02-19,8.97,8.98,0.4,0.53,-14.82,13.93,-7.58,0.69,24.97,-15.99,10897.36,6.5,73.14507746696472
bkt_conservator_68,conservative,2022-11-16,2023-11-16,-4.71,-4.71,-1.03,-1.56,-8.54,8.29,-12.53,0.35,15.64,-20.36,9528.85,8.4,59.196351289749146
bkt_conservator_69,conservative,2019-04-26,2020-04-25,0.98,0.98,-0.02,-0.02,-24.79,23.01,0.09,0.67,-1.59,2.57,10097.76,13.8,75.6324942111969
bkt_balansat_58,balanced,2024-10-26,2025-10-26,25.24,25.57,1.17,1.37,-20.48,17.4,14.41,0.41,18.02,7.22,12523.67,6.2,70.50832462310791
bkt_balansat_59,balanced,2021-07-05,2022-07-05,-5.09,-5.11,-0.4,-0.59,-21.93,18.72,-0.11,0.56,-10.52,5.43,9491.18,6.2,57.9788544178009
bkt_conservator_70,conservative,2021-05-14,2022-05-14,0.33,0.33,-0.16,-0.22,-12.95,15.59,0.41,0.59,-2.3,2.63,10032.75,10.8,64.96066999435425
bkt_balansat_60,balanced,2020-02-21,2021-02-20,11.23,11.27,0.39,0.43,-23.28,25.47,2.16,0.4,19.14,-7.91,11122.9,9.5,57.79849362373352
bkt_balansat_61,balanced,2022-11-07,2023-11-07,-9.0,-9.0,-1.47,-1.84,-11.94,8.87,-16.23,0.25,16.81,-25.81,9100.1,3.6,44.451900482177734
bkt_balansat_62,balanced,2019-08-03,2020-08-02,-13.98,-14.13,-1.29,-1.21,-22.29,14.08,-21.98,0.22,17.34,-31.32,8602.34,6.3,52.320191860198975
bkt_conservator_71,conservative,2019-11-18,2020-11-17,-27.99,-28.0,-1.3,-1.15,-34.74,25.77,-42.96,0.53,17.81,-45.8,7201.31,12.5,59.56964635848999
bkt_balansat_63,balanced,2025-05-20,2025-12-31,33.49,59.83,2.33,2.87,-6.5,19.24,25.73,0.92,16.03,17.46,13349.03,6.3,53.34994196891785
bkt_balansat_64,balanced,2019-11-06,2020-11-05,-6.58,-6.58,-0.52,-0.55,-22.32,17.64,-14.4,0.31,16.25,-22.83,9342.23,5.2,51.69429087638855
bkt_conservator_72,conservative,2021-04-07,2022-04-07,-0.82,-0.82,-0.17,-0.26,-24.67,18.31,-10.6,0.91,11.83,-12.64,9918.4,8.8,84.24239444732666
bkt_conservator_73,conservative,2021-11-01,2022-11-01,-7.84,-7.85,-0.64,-0.83,-18.35,16.72,-2.32,0.48,-15.15,7.31,9215.85,8.4,60.560303926467896
